timestamp,container_name,image,cpu_percent,memory_mb,memory_percent,net_in_rate_mbs,net_out_rate_mbs,io_read_mb,io_write_mb,pids
2026-04-14T19:28:47.244055,qbittorrent-app-1,ugreen/qbittorrent:v1,5.060350877192983,3577.08984375,46.353139005508304,0,0,0.0,0.0,27
2026-04-14T19:28:58.272965,qbittorrent-app-1,ugreen/qbittorrent:v1,4.1894472361809045,3579.359375,46.38254835839118,0,0,0.0,0.0,26
2026-04-14T19:29:09.357192,qbittorrent-app-1,ugreen/qbittorrent:v1,9.11263556116015,3585.4140625,46.46100704508388,0,0,0.0,0.0,26
2026-04-14T19:29:20.389831,qbittorrent-app-1,ugreen/qbittorrent:v1,4.356838143036387,3591.69140625,46.542350986706566,0,0,0.0,0.0,26
2026-04-14T19:29:31.422221,qbittorrent-app-1,ugreen/qbittorrent:v1,5.6893233082706764,3583.6796875,46.438532427734486,0,0,0.0,0.0,26
2026-04-14T19:29:42.467407,qbittorrent-app-1,ugreen/qbittorrent:v1,4.974364089775561,3589.73046875,46.51694049591964,0,0,0.0,0.0,29
2026-04-14T19:29:53.490809,qbittorrent-app-1,ugreen/qbittorrent:v1,6.3956675062972295,3595.35546875,46.58983114678254,0,0,0.0,0.0,29
2026-04-14T19:30:04.514437,qbittorrent-app-1,ugreen/qbittorrent:v1,1.8796009975062347,3599.90625,46.64880170807092,0,0,0.0,0.0,30
2026-04-14T19:30:15.541261,qbittorrent-app-1,ugreen/qbittorrent:v1,4.021333333333333,3597.03125,46.611546486518776,0,0,0.0,0.0,29
2026-04-14T19:30:26.566764,qbittorrent-app-1,ugreen/qbittorrent:v1,5.347884856070087,3602.453125,46.68180497498939,0,0,0.0,0.0,29
2026-04-14T19:30:37.588457,qbittorrent-app-1,ugreen/qbittorrent:v1,0.5080299251870324,3605.5859375,46.72240101803942,0,0,0.0,0.0,29
2026-04-14T19:30:48.608219,qbittorrent-app-1,ugreen/qbittorrent:v1,0.695062344139651,3609.68359375,46.77549983245274,0,0,0.0,0.0,29
2026-04-14T19:30:59.631766,qbittorrent-app-1,ugreen/qbittorrent:v1,0.4687859824780976,3612.46875,46.811590828331376,0,0,0.0,0.0,26
2026-04-14T19:31:10.654960,qbittorrent-app-1,ugreen/qbittorrent:v1,0.06603015075376885,3613.36328125,46.82318246655888,0,0,0.0,0.0,26
2026-04-14T19:31:21.675700,qbittorrent-app-1,ugreen/qbittorrent:v1,1.3545864661654134,3616.16015625,46.85942531796016,0,0,0.0,0.0,26
2026-04-14T19:31:32.700586,qbittorrent-app-1,ugreen/qbittorrent:v1,3.7113784461152886,3608.67578125,46.76244025750647,0,0,0.0,0.0,26
2026-04-14T19:31:43.730088,qbittorrent-app-1,ugreen/qbittorrent:v1,4.5168,3614.09765625,46.83269874597709,0,0,0.0,0.0,26
2026-04-14T19:31:54.756551,qbittorrent-app-1,ugreen/qbittorrent:v1,1.8968710888610765,3614.921875,46.84337925106881,0,0,0.0,0.0,26
2026-04-14T19:32:05.785358,qbittorrent-app-1,ugreen/qbittorrent:v1,2.2569,3610.9296875,46.791647136359174,0,0,0.0,0.0,24
2026-04-14T19:32:16.813719,qbittorrent-app-1,ugreen/qbittorrent:v1,3.0995744680851067,3614.92578125,46.843429869576354,0,0,0.0,0.0,24
2026-04-14T19:32:27.847313,qbittorrent-app-1,ugreen/qbittorrent:v1,2.959900124843945,3620.01171875,46.90933516639822,0,0,0.0,0.0,27
2026-04-14T19:32:38.884356,qbittorrent-app-1,ugreen/qbittorrent:v1,4.058391959798995,3622.48828125,46.94142730018091,0,0,0.0,0.0,27
2026-04-14T19:32:49.918487,qbittorrent-app-1,ugreen/qbittorrent:v1,3.9204999999999997,3626.20703125,46.989616119362495,0,0,0.0,0.0,27
2026-04-14T19:33:00.944518,qbittorrent-app-1,ugreen/qbittorrent:v1,0.3618,3610.69921875,46.7886606444141,0,0,0.0,0.0,27
2026-04-14T19:33:11.970197,qbittorrent-app-1,ugreen/qbittorrent:v1,1.0813065326633164,3611.29296875,46.796354657560734,0,0,0.0,0.0,27
2026-04-14T19:33:22.997557,qbittorrent-app-1,ugreen/qbittorrent:v1,4.485213032581454,3614.26171875,46.83482472329393,0,0,0.0,0.0,27
2026-04-14T19:33:34.025078,qbittorrent-app-1,ugreen/qbittorrent:v1,5.137833125778331,3618.51953125,46.88999889651654,0,0,0.0,0.0,27
2026-04-14T19:33:45.049121,qbittorrent-app-1,ugreen/qbittorrent:v1,0.5682999999999999,3620.5390625,46.91616866491662,0,0,0.0,0.0,27
2026-04-14T19:33:56.080984,qbittorrent-app-1,ugreen/qbittorrent:v1,1.6637406483790524,3624.0,46.961016662600315,0,0,0.0,0.0,27
2026-04-14T19:34:07.110630,qbittorrent-app-1,ugreen/qbittorrent:v1,4.5461173533083645,3628.32421875,47.01705135045116,0,0,0.0,0.0,26
2026-04-14T19:34:18.137117,qbittorrent-app-1,ugreen/qbittorrent:v1,0.2672659176029963,3629.66015625,47.0343628800311,0,0,0.0,0.0,26
2026-04-14T19:34:29.162898,qbittorrent-app-1,ugreen/qbittorrent:v1,2.5485429638854296,3632.8125,47.075212015618845,0,0,0.0,0.0,26
2026-04-14T19:34:40.187813,qbittorrent-app-1,ugreen/qbittorrent:v1,0.51546699875467,3633.0859375,47.0787553111469,0,0,0.0,0.0,26
2026-04-14T19:34:51.214890,qbittorrent-app-1,ugreen/qbittorrent:v1,18.7106,3635.63671875,47.11180919657292,0,0,0.0,0.0,26
2026-04-14T19:35:02.239675,qbittorrent-app-1,ugreen/qbittorrent:v1,1.8170713391739675,3634.15625,47.09262478221387,0,0,0.0,0.0,24
2026-04-14T19:35:13.267706,qbittorrent-app-1,ugreen/qbittorrent:v1,0.15509386733416772,3633.9453125,47.08989138280651,0,0,0.0,0.0,24
2026-04-14T19:35:24.293429,qbittorrent-app-1,ugreen/qbittorrent:v1,0.30871410736579274,3633.8984375,47.08928396071599,0,0,0.0,0.0,24
2026-04-14T19:35:35.325265,qbittorrent-app-1,ugreen/qbittorrent:v1,3.395934755332497,3637.24609375,47.13266402168092,0,0,0.0,0.0,24
2026-04-14T19:35:46.352252,qbittorrent-app-1,ugreen/qbittorrent:v1,4.009924812030075,3629.1015625,47.02712443345236,0,0,0.0,0.0,25
2026-04-14T19:35:57.399121,qbittorrent-app-1,ugreen/qbittorrent:v1,3.2156608478802995,3633.23046875,47.080628195926025,0,0,0.0,0.0,25
2026-04-14T19:36:08.430702,qbittorrent-app-1,ugreen/qbittorrent:v1,6.409122807017543,3639.65625,47.16389564083537,0,0,0.0,0.0,25
2026-04-14T19:36:19.458285,qbittorrent-app-1,ugreen/qbittorrent:v1,3.7151879699248123,3645.69140625,47.24210123499034,0,0,0.0,0.0,25
2026-04-14T19:36:30.499295,qbittorrent-app-1,ugreen/qbittorrent:v1,5.386398996235885,3651.33203125,47.315194359883414,0,0,0.0,0.0,29
2026-04-14T19:36:41.525036,qbittorrent-app-1,ugreen/qbittorrent:v1,5.827231920199502,3629.46875,47.03188257316146,0,0,0.0,0.0,29
2026-04-14T19:36:52.551750,qbittorrent-app-1,ugreen/qbittorrent:v1,4.856670838548186,3635.8828125,47.114998162548176,0,0,0.0,0.0,29
2026-04-14T19:37:03.579322,qbittorrent-app-1,ugreen/qbittorrent:v1,4.797107231920199,3642.734375,47.20378302477978,0,0,0.0,0.0,29
2026-04-14T19:37:14.610019,qbittorrent-app-1,ugreen/qbittorrent:v1,5.0119298245614035,3647.87109375,47.27034636219972,0,0,0.0,0.0,29
2026-04-14T19:37:25.632318,qbittorrent-app-1,ugreen/qbittorrent:v1,4.46541822721598,3652.6484375,47.33225279692563,0,0,0.0,0.0,29
2026-04-14T19:37:36.656193,qbittorrent-app-1,ugreen/qbittorrent:v1,4.583889585947302,3657.7734375,47.39866427882294,0,0,0.0,0.0,29
2026-04-14T19:37:47.684731,qbittorrent-app-1,ugreen/qbittorrent:v1,2.7147,3663.3671875,47.47114998162548,0,0,0.0,0.0,29
2026-04-14T19:37:58.711495,qbittorrent-app-1,ugreen/qbittorrent:v1,4.876504369538077,3668.671875,47.53988991486979,0,0,0.0,0.0,29
2026-04-14T19:38:09.744186,qbittorrent-app-1,ugreen/qbittorrent:v1,2.7115789473684213,3674.28125,47.61257809170251,0,0,0.0,0.0,29
2026-04-14T19:38:20.773185,qbittorrent-app-1,ugreen/qbittorrent:v1,3.6368381430363868,3679.60546875,47.681571117484545,0,0,0.0,0.0,29
2026-04-14T19:38:31.806717,qbittorrent-app-1,ugreen/qbittorrent:v1,4.862556390977443,3684.9140625,47.750361669236405,0,0,0.0,0.0,29
2026-04-14T19:38:42.841826,qbittorrent-app-1,ugreen/qbittorrent:v1,5.0171,3690.7734375,47.82628943055192,0,0,0.0,0.0,29
2026-04-14T19:38:53.874728,qbittorrent-app-1,ugreen/qbittorrent:v1,3.758302122347066,3695.828125,47.891789779313434,0,0,0.0,0.0,29
2026-04-14T19:39:04.899355,qbittorrent-app-1,ugreen/qbittorrent:v1,4.459069182389937,3701.0625,47.95961857942196,0,0,0.0,0.0,27
2026-04-14T19:39:15.934865,qbittorrent-app-1,ugreen/qbittorrent:v1,6.551289111389237,3688.8046875,47.800777702749905,0,0,0.0,0.0,27
2026-04-14T19:39:26.962142,qbittorrent-app-1,ugreen/qbittorrent:v1,4.947945205479452,3693.92578125,47.86713856613966,0,0,0.0,0.0,27
2026-04-14T19:39:37.991366,qbittorrent-app-1,ugreen/qbittorrent:v1,4.107540983606557,3699.734375,47.94240828685711,0,0,0.0,0.0,27
2026-04-14T19:39:49.027225,qbittorrent-app-1,ugreen/qbittorrent:v1,5.3225468164794005,3706.828125,48.03433149655642,0,0,0.0,0.0,27
2026-04-14T19:40:00.059976,qbittorrent-app-1,ugreen/qbittorrent:v1,4.592059925093633,3712.12890625,48.10302081129319,0,0,0.0,0.0,26
2026-04-14T19:40:11.088375,qbittorrent-app-1,ugreen/qbittorrent:v1,4.168310387984981,3719.0,48.192058766062516,0,0,0.0,0.0,29
2026-04-14T19:40:22.122308,qbittorrent-app-1,ugreen/qbittorrent:v1,5.638648310387985,3726.21484375,48.28555114949569,0,0,0.0,0.0,29
2026-04-14T19:40:33.154813,qbittorrent-app-1,ugreen/qbittorrent:v1,5.040099875156055,3723.99609375,48.25679983721088,0,0,0.0,0.0,29
2026-04-14T19:40:44.176121,qbittorrent-app-1,ugreen/qbittorrent:v1,5.077253433208489,3729.36328125,48.326349666575894,0,0,0.0,0.0,29
2026-04-14T19:40:55.199203,qbittorrent-app-1,ugreen/qbittorrent:v1,3.208778054862843,3730.94921875,48.34690078063863,0,0,0.0,0.0,29
2026-04-14T19:41:06.224572,qbittorrent-app-1,ugreen/qbittorrent:v1,6.657967377666249,3735.171875,48.40161938729334,0,0,0.0,0.0,29
2026-04-14T19:41:17.253216,qbittorrent-app-1,ugreen/qbittorrent:v1,6.1322653316645805,3740.1796875,48.46651231396433,0,0,0.0,0.0,29
2026-04-14T19:41:28.283478,qbittorrent-app-1,ugreen/qbittorrent:v1,0.7724,3728.52734375,48.31551730596154,0,0,0.0,0.0,29
2026-04-14T19:41:39.306541,qbittorrent-app-1,ugreen/qbittorrent:v1,4.15279098873592,3732.62890625,48.3686667388824,0,0,0.0,0.0,29
2026-04-14T19:41:50.329915,qbittorrent-app-1,ugreen/qbittorrent:v1,4.01531914893617,3736.34765625,48.41685555806398,0,0,0.0,0.0,29
2026-04-14T19:42:01.356662,qbittorrent-app-1,ugreen/qbittorrent:v1,4.459597989949748,3740.59765625,48.4719284942715,0,0,0.0,0.0,26
2026-04-14T19:42:12.382049,qbittorrent-app-1,ugreen/qbittorrent:v1,2.2098377028714107,3745.69140625,48.53793502810846,0,0,0.0,0.0,26
2026-04-14T19:42:23.406844,qbittorrent-app-1,ugreen/qbittorrent:v1,3.934736842105263,3751.63671875,48.61497639658993,0,0,0.0,0.0,26
2026-04-14T19:42:34.436202,qbittorrent-app-1,ugreen/qbittorrent:v1,4.791521197007481,3738.36328125,48.44297470795652,0,0,0.0,0.0,26
2026-04-14T19:42:45.460822,qbittorrent-app-1,ugreen/qbittorrent:v1,5.308477987421384,3743.3828125,48.50801949015015,0,0,0.0,0.0,26
2026-04-14T19:42:56.486434,qbittorrent-app-1,ugreen/qbittorrent:v1,3.122409033877039,3748.82421875,48.57853107115849,0,0,0.0,0.0,26
2026-04-14T19:43:07.513622,qbittorrent-app-1,ugreen/qbittorrent:v1,5.680696517412935,3754.01953125,48.64585368619158,0,0,0.0,0.0,28
2026-04-14T19:43:18.541002,qbittorrent-app-1,ugreen/qbittorrent:v1,4.146733668341708,3759.80859375,48.720870314371304,0,0,0.0,0.0,28
2026-04-14T19:43:29.571293,qbittorrent-app-1,ugreen/qbittorrent:v1,5.307202007528231,3752.0078125,48.619785154806586,0,0,0.0,0.0,28
2026-04-14T19:43:40.597776,qbittorrent-app-1,ugreen/qbittorrent:v1,4.5298377028714105,3757.06640625,48.68533612207564,0,0,0.0,0.0,28
2026-04-14T19:43:51.621645,qbittorrent-app-1,ugreen/qbittorrent:v1,6.81040404040404,3762.9375,48.76141573891379,0,0,0.0,0.0,28
2026-04-14T19:44:02.646084,qbittorrent-app-1,ugreen/qbittorrent:v1,0.3311,3765.71875,48.797456116284884,0,0,0.0,0.0,28
2026-04-14T19:44:13.673570,qbittorrent-app-1,ugreen/qbittorrent:v1,0.9677708592777087,3768.65625,48.83552123395773,0,0,0.0,0.0,28
2026-04-14T19:44:24.699103,qbittorrent-app-1,ugreen/qbittorrent:v1,4.407500000000001,3772.7421875,48.888468192848414,0,0,0.0,0.0,28
2026-04-14T19:44:35.722110,qbittorrent-app-1,ugreen/qbittorrent:v1,5.302713567839196,3768.1015625,48.828333405886525,0,0,0.0,0.0,28
2026-04-14T19:44:46.743568,qbittorrent-app-1,ugreen/qbittorrent:v1,4.193927227101631,3774.03125,48.90517230033783,0,0,0.0,0.0,28
2026-04-14T19:44:57.766114,qbittorrent-app-1,ugreen/qbittorrent:v1,7.263434343434344,3781.03125,48.99588066585609,0,0,0.0,0.0,28
2026-04-14T19:45:08.787491,qbittorrent-app-1,ugreen/qbittorrent:v1,3.501677096370463,3786.76953125,49.070239253437755,0,0,0.0,0.0,27
2026-04-14T19:45:19.813613,qbittorrent-app-1,ugreen/qbittorrent:v1,0.43410000000000004,3790.01171875,49.11225261469901,0,0,0.0,0.0,26
2026-04-14T19:45:30.842548,qbittorrent-app-1,ugreen/qbittorrent:v1,0.4984308841843088,3790.01171875,49.11225261469901,0,0,0.0,0.0,26
2026-04-14T19:45:41.874194,qbittorrent-app-1,ugreen/qbittorrent:v1,0.3228927680798005,3790.02734375,49.112455088729185,0,0,0.0,0.0,26
2026-04-14T19:45:52.903795,qbittorrent-app-1,ugreen/qbittorrent:v1,0.17863013698630137,3790.01953125,49.1123538517141,0,0,0.0,0.0,26
2026-04-14T19:46:03.929242,qbittorrent-app-1,ugreen/qbittorrent:v1,0.7965130759651308,3790.02734375,49.112455088729185,0,0,0.0,0.0,26
2026-04-14T19:46:14.960101,qbittorrent-app-1,ugreen/qbittorrent:v1,0.32199750312109865,3790.2890625,49.11584652873461,0,0,0.0,0.0,26
2026-04-14T19:46:25.994721,qbittorrent-app-1,ugreen/qbittorrent:v1,3.845721455457967,3793.40234375,49.15618947924692,0,0,0.0,0.0,26
2026-04-14T19:46:37.024208,qbittorrent-app-1,ugreen/qbittorrent:v1,4.2148370927318295,3797.34375,49.20726355335849,0,0,0.0,0.0,28
2026-04-14T19:46:48.046294,qbittorrent-app-1,ugreen/qbittorrent:v1,5.145404732254048,3802.77734375,49.27767389735174,0,0,0.0,0.0,28
2026-04-14T19:46:59.072887,qbittorrent-app-1,ugreen/qbittorrent:v1,3.626599749058971,3807.6875,49.341301361334146,0,0,0.0,0.0,28
2026-04-14T19:47:10.104589,qbittorrent-app-1,ugreen/qbittorrent:v1,6.150287859824781,3803.94140625,49.29275821259976,0,0,0.0,0.0,28
2026-04-14T19:47:21.129550,qbittorrent-app-1,ugreen/qbittorrent:v1,6.853199999999999,3809.84375,49.36924277749825,0,0,0.0,0.0,28
2026-04-14T19:47:32.157190,qbittorrent-app-1,ugreen/qbittorrent:v1,6.666633291614518,3816.7578125,49.458837535850556,0,0,0.0,0.0,28
2026-04-14T19:47:43.182146,qbittorrent-app-1,ugreen/qbittorrent:v1,4.472380952380953,3823.58203125,49.54726806852936,0,0,0.0,0.0,28
2026-04-14T19:47:54.204153,qbittorrent-app-1,ugreen/qbittorrent:v1,1.4372104607721046,3818.33203125,49.47923679439066,0,0,0.0,0.0,28
2026-04-14T19:48:05.230760,qbittorrent-app-1,ugreen/qbittorrent:v1,0.4536,3821.703125,49.52292056640085,0,0,0.0,0.0,27
2026-04-14T19:48:16.248957,qbittorrent-app-1,ugreen/qbittorrent:v1,1.564,3823.16015625,49.54180126971464,0,0,0.0,0.0,27
2026-04-14T19:48:27.277544,qbittorrent-app-1,ugreen/qbittorrent:v1,0.1863013698630137,3824.8984375,49.56432650557158,0,0,0.0,0.0,27
2026-04-14T19:48:38.302079,qbittorrent-app-1,ugreen/qbittorrent:v1,0.1842,3824.88671875,49.56417465004895,0,0,0.0,0.0,27
2026-04-14T19:48:49.322055,qbittorrent-app-1,ugreen/qbittorrent:v1,1.6545318352059926,3824.875,49.564022794526316,0,0,0.0,0.0,27
2026-04-14T19:49:00.346497,qbittorrent-app-1,ugreen/qbittorrent:v1,1.8137,3827.59765625,49.599303894284255,0,0,0.0,0.0,24
2026-04-14T19:49:11.371980,qbittorrent-app-1,ugreen/qbittorrent:v1,4.54406015037594,3822.9609375,49.539219725829916,0,0,0.0,0.0,24
2026-04-14T19:49:22.396776,qbittorrent-app-1,ugreen/qbittorrent:v1,4.375538847117794,3828.04296875,49.60507440414424,0,0,0.0,0.0,24
2026-04-14T19:49:33.425264,qbittorrent-app-1,ugreen/qbittorrent:v1,0.167,3830.94140625,49.642633336741646,0,0,0.0,0.0,24
2026-04-14T19:49:44.451106,qbittorrent-app-1,ugreen/qbittorrent:v1,4.6080000000000005,3834.82421875,49.69294813324006,0,0,0.0,0.0,24
2026-04-14T19:49:55.474253,qbittorrent-app-1,ugreen/qbittorrent:v1,5.704080604534005,3838.03125,49.73450592793342,0,0,0.0,0.0,24
2026-04-14T19:50:06.496983,qbittorrent-app-1,ugreen/qbittorrent:v1,6.4726368159203975,3845.19921875,49.82739088927606,0,0,0.0,0.0,25
2026-04-14T19:50:17.526711,qbittorrent-app-1,ugreen/qbittorrent:v1,0.7268913857677903,3846.73046875,49.84723334423318,0,0,0.0,0.0,28
2026-04-14T19:50:28.549707,qbittorrent-app-1,ugreen/qbittorrent:v1,1.1728,3839.73828125,49.75662621573,0,0,0.0,0.0,28
2026-04-14T19:50:39.572925,qbittorrent-app-1,ugreen/qbittorrent:v1,5.165543071161049,3844.625,49.819949968667146,0,0,0.0,0.0,28
2026-04-14T19:50:50.597508,qbittorrent-app-1,ugreen/qbittorrent:v1,3.1295118898623278,3848.375,49.86854373590907,0,0,0.0,0.0,28
2026-04-14T19:51:01.618985,qbittorrent-app-1,ugreen/qbittorrent:v1,4.962314465408805,3853.56640625,49.93581573243462,0,0,0.0,0.0,28
2026-04-14T19:51:12.648132,qbittorrent-app-1,ugreen/qbittorrent:v1,4.913216957605985,3859.5234375,50.01300895643872,0,0,0.0,0.0,28
2026-04-14T19:51:23.673040,qbittorrent-app-1,ugreen/qbittorrent:v1,5.889624060150376,3846.57421875,49.84520860393144,0,0,0.0,0.0,28
2026-04-14T19:51:34.699337,qbittorrent-app-1,ugreen/qbittorrent:v1,0.6848,3850.25390625,49.89289123803758,0,0,0.0,0.0,28
2026-04-14T19:51:45.724149,qbittorrent-app-1,ugreen/qbittorrent:v1,0.6537171464330414,3852.31640625,49.91961781002065,0,0,0.0,0.0,28
2026-04-14T19:51:56.748406,qbittorrent-app-1,ugreen/qbittorrent:v1,0.30511860174781524,3852.12109375,49.91708688464346,0,0,0.0,0.0,28
2026-04-14T19:52:07.772200,qbittorrent-app-1,ugreen/qbittorrent:v1,1.9640348692403486,3852.07421875,49.91647946255293,0,0,0.0,0.0,27
2026-04-14T19:52:18.797827,qbittorrent-app-1,ugreen/qbittorrent:v1,0.23393788819875777,3852.05859375,49.91627698852276,0,0,0.0,0.0,27
2026-04-14T19:52:29.824855,qbittorrent-app-1,ugreen/qbittorrent:v1,0.10973717146433042,3852.0390625,49.91602389598504,0,0,0.0,0.0,27
2026-04-14T19:52:40.848637,qbittorrent-app-1,ugreen/qbittorrent:v1,3.0137,3854.95703125,49.95383592112017,0,0,0.0,0.0,27
2026-04-14T19:52:51.872764,qbittorrent-app-1,ugreen/qbittorrent:v1,5.031641791044776,3859.72265625,50.01559050032345,0,0,0.0,0.0,27
2026-04-14T19:53:02.900112,qbittorrent-app-1,ugreen/qbittorrent:v1,5.091328320802005,3864.74609375,50.08068590102462,0,0,0.0,0.0,26
2026-04-14T19:53:13.922072,qbittorrent-app-1,ugreen/qbittorrent:v1,5.612431077694236,3870.28125,50.15241232621401,0,0,0.0,0.0,26
2026-04-14T19:53:24.948287,qbittorrent-app-1,ugreen/qbittorrent:v1,5.9376662484316185,3876.06640625,50.2273783358862,0,0,0.0,0.0,26
2026-04-14T19:53:35.974568,qbittorrent-app-1,ugreen/qbittorrent:v1,3.4804000000000004,3861.44921875,50.037963880657756,0,0,0.0,0.0,29
2026-04-14T19:53:46.997458,qbittorrent-app-1,ugreen/qbittorrent:v1,3.708735919899875,3866.2734375,50.1004777374742,0,0,0.0,0.0,29
2026-04-14T19:53:58.029512,qbittorrent-app-1,ugreen/qbittorrent:v1,2.1706265664160402,3872.30078125,50.178582094614086,0,0,0.0,0.0,29
2026-04-14T19:54:09.055466,qbittorrent-app-1,ugreen/qbittorrent:v1,5.155355805243446,3877.96875,50.25202954905996,0,0,0.0,0.0,29
2026-04-14T19:54:20.088932,qbittorrent-app-1,ugreen/qbittorrent:v1,2.76394506866417,3883.265625,50.32066824528919,0,0,0.0,0.0,29
2026-04-14T19:54:31.118539,qbittorrent-app-1,ugreen/qbittorrent:v1,1.9980024968789014,3885.8359375,50.353975223252924,0,0,0.0,0.0,29
2026-04-14T19:54:42.148147,qbittorrent-app-1,ugreen/qbittorrent:v1,3.66074812967581,3888.10546875,50.3833845761358,0,0,0.0,0.0,29
2026-04-14T19:54:53.178675,qbittorrent-app-1,ugreen/qbittorrent:v1,2.88811013767209,3884.21875,50.33301916112984,0,0,0.0,0.0,29
2026-04-14T19:55:04.206101,qbittorrent-app-1,ugreen/qbittorrent:v1,2.1771785268414483,3889.4765625,50.40115167228363,0,0,0.0,0.0,27
2026-04-14T19:55:15.237286,qbittorrent-app-1,ugreen/qbittorrent:v1,4.994415094339623,3894.10546875,50.46113460372289,0,0,0.0,0.0,27
2026-04-14T19:55:26.265542,qbittorrent-app-1,ugreen/qbittorrent:v1,5.762619647355164,3892.4296875,50.43941926398665,0,0,0.0,0.0,27
2026-04-14T19:55:37.293617,qbittorrent-app-1,ugreen/qbittorrent:v1,3.361809045226131,3897.234375,50.50168002826537,0,0,0.0,0.0,27
2026-04-14T19:55:48.321663,qbittorrent-app-1,ugreen/qbittorrent:v1,4.445757196495619,3902.98828125,50.57624108987721,0,0,0.0,0.0,27
2026-04-14T19:55:59.353420,qbittorrent-app-1,ugreen/qbittorrent:v1,5.404034869240348,3907.98046875,50.64093154251803,0,0,0.0,0.0,26
2026-04-14T19:56:10.382425,qbittorrent-app-1,ugreen/qbittorrent:v1,5.767200986436498,3909.1796875,50.65647142433394,0,0,0.0,0.0,29
2026-04-14T19:56:21.427314,qbittorrent-app-1,ugreen/qbittorrent:v1,6.709677419354838,3915.83203125,50.74267474268082,0,0,0.0,0.0,29
2026-04-14T19:56:32.456210,qbittorrent-app-1,ugreen/qbittorrent:v1,6.357799999999999,3916.29296875,50.74864772657097,0,0,0.0,0.0,29
2026-04-14T19:56:43.487863,qbittorrent-app-1,ugreen/qbittorrent:v1,6.235588972431078,3923.0234375,50.83586341506873,0,0,0.0,0.0,29
2026-04-14T19:56:54.521872,qbittorrent-app-1,ugreen/qbittorrent:v1,6.441203007518798,3929.3203125,50.91746044922913,0,0,0.0,0.0,29
2026-04-14T19:57:05.548345,qbittorrent-app-1,ugreen/qbittorrent:v1,7.1162860727728985,3927.6953125,50.89640315009096,0,0,0.0,0.0,29
2026-04-14T19:57:16.573026,qbittorrent-app-1,ugreen/qbittorrent:v1,5.802540473225404,3933.99609375,50.978050802758915,0,0,0.0,0.0,29
2026-04-14T19:57:27.601403,qbittorrent-app-1,ugreen/qbittorrent:v1,5.4653682896379525,3940.31640625,51.05995154796458,0,0,0.0,0.0,29
2026-04-14T19:57:38.625452,qbittorrent-app-1,ugreen/qbittorrent:v1,2.2075594493116397,3935.6484375,50.999462431449885,0,0,0.0,0.0,29
2026-04-14T19:57:49.665848,qbittorrent-app-1,ugreen/qbittorrent:v1,1.4757553058676653,3940.95703125,51.068252983201745,0,0,0.0,0.0,29
2026-04-14T19:58:00.697367,qbittorrent-app-1,ugreen/qbittorrent:v1,0.2811970074812967,3943.26953125,51.0982191396676,0,0,0.0,0.0,28
2026-04-14T19:58:11.722751,qbittorrent-app-1,ugreen/qbittorrent:v1,0.3766,3943.046875,51.095333884737606,0,0,0.0,0.0,28
2026-04-14T19:58:22.750698,qbittorrent-app-1,ugreen/qbittorrent:v1,3.0238596491228074,3944.3984375,51.11284788834772,0,0,0.0,0.0,28
2026-04-14T19:58:33.783030,qbittorrent-app-1,ugreen/qbittorrent:v1,0.500648379052369,3944.65625,51.1161887098456,0,0,0.0,0.0,28
2026-04-14T19:58:44.814329,qbittorrent-app-1,ugreen/qbittorrent:v1,0.34237203495630464,3945.0390625,51.12114932358488,0,0,0.0,0.0,28
2026-04-14T19:58:55.848102,qbittorrent-app-1,ugreen/qbittorrent:v1,2.5091729323308267,3946.73828125,51.14316837436639,0,0,0.0,0.0,28
2026-04-14T19:59:06.874958,qbittorrent-app-1,ugreen/qbittorrent:v1,3.5630075187969923,3938.94921875,51.042235070324296,0,0,0.0,0.0,26
2026-04-14T19:59:17.903058,qbittorrent-app-1,ugreen/qbittorrent:v1,4.3124,3943.86328125,51.10591315281424,0,0,0.0,0.0,26
2026-04-14T19:59:28.929404,qbittorrent-app-1,ugreen/qbittorrent:v1,4.309912609238451,3948.8671875,51.17075546097769,0,0,0.0,0.0,26
2026-04-14T19:59:39.960561,qbittorrent-app-1,ugreen/qbittorrent:v1,6.7373566084788035,3953.5703125,51.23170014406028,0,0,0.0,0.0,26
2026-04-14T19:59:50.999722,qbittorrent-app-1,ugreen/qbittorrent:v1,5.889323308270677,3934.578125,50.98559296038292,0,0,0.0,0.0,26
2026-04-14T20:00:02.031103,qbittorrent-app-1,ugreen/qbittorrent:v1,6.60394506866417,3939.70703125,51.05205506078777,0,0,0.0,0.0,30
2026-04-14T20:00:13.052228,qbittorrent-app-1,ugreen/qbittorrent:v1,1.316246913580247,3941.6875,51.077718644112416,0,0,0.0,0.0,28
2026-04-14T20:00:24.092417,qbittorrent-app-1,ugreen/qbittorrent:v1,0.159,3941.6875,51.077718644112416,0,0,0.0,0.0,28
2026-04-14T20:00:35.122527,qbittorrent-app-1,ugreen/qbittorrent:v1,0.1863681592039801,3941.64453125,51.07716184052943,0,0,0.0,0.0,28
2026-04-14T20:00:46.151531,qbittorrent-app-1,ugreen/qbittorrent:v1,0.3133083645443196,3941.93359375,51.08090761008766,0,0,0.0,0.0,28
2026-04-14T20:00:57.181165,qbittorrent-app-1,ugreen/qbittorrent:v1,1.9017543859649124,3942.9375,51.09391656652639,0,0,0.0,0.0,28
2026-04-14T20:01:08.211458,qbittorrent-app-1,ugreen/qbittorrent:v1,2.7338,3946.33203125,51.13790404958184,0,0,0.0,0.0,24
2026-04-14T20:01:19.237441,qbittorrent-app-1,ugreen/qbittorrent:v1,5.045018820577164,3951.2109375,51.2011265655039,0,0,0.0,0.0,26
2026-04-14T20:01:30.263550,qbittorrent-app-1,ugreen/qbittorrent:v1,7.9364794007490636,3955.41015625,51.25554146111334,0,0,0.0,0.0,26
2026-04-14T20:01:41.289059,qbittorrent-app-1,ugreen/qbittorrent:v1,5.3484567126725215,3960.71484375,51.324281394357655,0,0,0.0,0.0,26
2026-04-14T20:01:52.314919,qbittorrent-app-1,ugreen/qbittorrent:v1,5.225,3966.140625,51.39459050133583,0,0,0.0,0.0,26
2026-04-14T20:02:03.342732,qbittorrent-app-1,ugreen/qbittorrent:v1,5.589560853199498,3972.21875,51.47335289907379,0,0,0.0,0.0,29
2026-04-14T20:02:14.374801,qbittorrent-app-1,ugreen/qbittorrent:v1,5.445193508114857,3978.046875,51.54887571232894,0,0,0.0,0.0,29
2026-04-14T20:02:25.407003,qbittorrent-app-1,ugreen/qbittorrent:v1,1.3622942643391522,3966.8046875,51.40319564761825,0,0,0.0,0.0,29
2026-04-14T20:02:36.459315,qbittorrent-app-1,ugreen/qbittorrent:v1,0.18423940149625934,3966.9609375,51.40522038791999,0,0,0.0,0.0,29
2026-04-14T20:02:47.487425,qbittorrent-app-1,ugreen/qbittorrent:v1,0.25508114856429465,3966.88671875,51.404258636276666,0,0,0.0,0.0,29
2026-04-14T20:02:58.518475,qbittorrent-app-1,ugreen/qbittorrent:v1,0.6904738154613467,3966.7109375,51.4019808034372,0,0,0.0,0.0,24
2026-04-14T20:03:09.547873,qbittorrent-app-1,ugreen/qbittorrent:v1,3.172165206508135,3967.671875,51.41443295629294,0,0,0.0,0.0,24
2026-04-14T20:03:20.577105,qbittorrent-app-1,ugreen/qbittorrent:v1,1.4150062735257214,3970.1484375,51.44652509007563,0,0,0.0,0.0,24
2026-04-14T20:03:31.609289,qbittorrent-app-1,ugreen/qbittorrent:v1,6.806315789473684,3975.12890625,51.511063687193825,0,0,0.0,0.0,24
2026-04-14T20:03:42.641603,qbittorrent-app-1,ugreen/qbittorrent:v1,5.138145363408522,3980.98046875,51.58689021149425,0,0,0.0,0.0,24
2026-04-14T20:03:53.669432,qbittorrent-app-1,ugreen/qbittorrent:v1,5.582478097622028,3986.87109375,51.66322292087011,0,0,0.0,0.0,24
2026-04-14T20:04:04.699105,qbittorrent-app-1,ugreen/qbittorrent:v1,5.295778894472361,3991.40234375,51.72194038962078,0,0,0.0,0.0,26
2026-04-14T20:04:15.733161,qbittorrent-app-1,ugreen/qbittorrent:v1,6.857937888198758,3997.7734375,51.80449917542451,0,0,0.0,0.0,26
2026-04-14T20:04:26.768142,qbittorrent-app-1,ugreen/qbittorrent:v1,5.167459324155194,3990.69140625,51.712727821247825,0,0,0.0,0.0,28
2026-04-14T20:04:37.797703,qbittorrent-app-1,ugreen/qbittorrent:v1,0.34577114427860695,3994.50390625,51.76213148461045,0,0,0.0,0.0,28
2026-04-14T20:04:48.823500,qbittorrent-app-1,ugreen/qbittorrent:v1,1.3632,3994.484375,51.76187839207274,0,0,0.0,0.0,28
2026-04-14T20:04:59.851664,qbittorrent-app-1,ugreen/qbittorrent:v1,1.8324189526184538,3995.7890625,51.77878497359233,0,0,0.0,0.0,28
2026-04-14T20:05:10.881113,qbittorrent-app-1,ugreen/qbittorrent:v1,1.9504000000000001,3997.60546875,51.80232257960014,0,0,0.0,0.0,28
2026-04-14T20:05:21.906267,qbittorrent-app-1,ugreen/qbittorrent:v1,1.4167,4002.33203125,51.86357097372798,0,0,0.0,0.0,28
2026-04-14T20:05:32.939038,qbittorrent-app-1,ugreen/qbittorrent:v1,2.5669086357947433,4004.85546875,51.896270529601196,0,0,0.0,0.0,28
2026-04-14T20:05:43.970895,qbittorrent-app-1,ugreen/qbittorrent:v1,2.7348813982521847,4008.26171875,51.94040986817928,0,0,0.0,0.0,28
2026-04-14T20:05:54.994156,qbittorrent-app-1,ugreen/qbittorrent:v1,4.295162094763092,3987.140625,51.66671559789062,0,0,0.0,0.0,28
2026-04-14T20:06:06.021992,qbittorrent-app-1,ugreen/qbittorrent:v1,5.337872340425532,3992.29296875,51.73348140934073,0,0,0.0,0.0,26
2026-04-14T20:06:17.050677,qbittorrent-app-1,ugreen/qbittorrent:v1,5.416971214017522,3997.75,51.804195464379255,0,0,0.0,0.0,26
2026-04-14T20:06:28.084328,qbittorrent-app-1,ugreen/qbittorrent:v1,5.2213,4003.1796875,51.87455518986496,0,0,0.0,0.0,26
2026-04-14T20:06:39.104814,qbittorrent-app-1,ugreen/qbittorrent:v1,3.888922305764411,4008.69921875,51.94607914102417,0,0,0.0,0.0,28
2026-04-14T20:06:50.131177,qbittorrent-app-1,ugreen/qbittorrent:v1,5.648582183186951,4014.1640625,52.01689443307777,0,0,0.0,0.0,28
2026-04-14T20:07:01.166450,qbittorrent-app-1,ugreen/qbittorrent:v1,3.185006289308176,4020.890625,52.10405950306799,0,0,0.0,0.0,29
2026-04-14T20:07:12.202283,qbittorrent-app-1,ugreen/qbittorrent:v1,3.380250626566416,4008.48828125,51.94334574161682,0,0,0.0,0.0,29
2026-04-14T20:07:23.225720,qbittorrent-app-1,ugreen/qbittorrent:v1,4.793316708229427,4013.1015625,52.00312619902589,0,0,0.0,0.0,29
2026-04-14T20:07:34.260196,qbittorrent-app-1,ugreen/qbittorrent:v1,0.19726708074534163,4014.8828125,52.02620823846581,0,0,0.0,0.0,29
2026-04-14T20:07:45.292625,qbittorrent-app-1,ugreen/qbittorrent:v1,2.3782,4018.51171875,52.07323283197389,0,0,0.0,0.0,29
2026-04-14T20:07:56.329314,qbittorrent-app-1,ugreen/qbittorrent:v1,4.024130162703379,4021.1875,52.10790650964131,0,0,0.0,0.0,29
2026-04-14T20:08:07.357767,qbittorrent-app-1,ugreen/qbittorrent:v1,3.8021,4026.44140625,52.17598840228755,0,0,0.0,0.0,29
2026-04-14T20:08:18.390427,qbittorrent-app-1,ugreen/qbittorrent:v1,5.5055361596009975,4028.18359375,52.198564256652034,0,0,0.0,0.0,29
2026-04-14T20:08:29.424738,qbittorrent-app-1,ugreen/qbittorrent:v1,6.1476999999999995,4034.015625,52.27413768841473,0,0,0.0,0.0,29
2026-04-14T20:08:40.447824,qbittorrent-app-1,ugreen/qbittorrent:v1,5.608241206030151,4040.08203125,52.35274823063006,0,0,0.0,0.0,29
2026-04-14T20:08:51.481745,qbittorrent-app-1,ugreen/qbittorrent:v1,2.436345431789737,4045.1796875,52.41880538297457,0,0,0.0,0.0,29
2026-04-14T20:09:02.507646,qbittorrent-app-1,ugreen/qbittorrent:v1,6.069751243781094,4028.46484375,52.20220878919518,0,0,0.0,0.0,28
2026-04-14T20:09:13.537252,qbittorrent-app-1,ugreen/qbittorrent:v1,4.528160200250313,4033.85546875,52.272062329605454,0,0,0.0,0.0,28
2026-04-14T20:09:24.570317,qbittorrent-app-1,ugreen/qbittorrent:v1,4.580349127182045,4039.515625,52.34540854703623,0,0,0.0,0.0,28
2026-04-14T20:09:35.605910,qbittorrent-app-1,ugreen/qbittorrent:v1,4.804278606965174,4045.07421875,52.41743868327089,0,0,0.0,0.0,28
2026-04-14T20:09:46.637629,qbittorrent-app-1,ugreen/qbittorrent:v1,3.4970719602977667,4050.29296875,52.48506500934924,0,0,0.0,0.0,28
2026-04-14T20:09:57.672250,qbittorrent-app-1,ugreen/qbittorrent:v1,4.255819774718398,4055.44921875,52.55188143930689,0,0,0.0,0.0,28
2026-04-14T20:10:08.701067,qbittorrent-app-1,ugreen/qbittorrent:v1,6.048020050125313,4060.8046875,52.62127941314927,0,0,0.0,0.0,28
2026-04-14T20:10:19.734103,qbittorrent-app-1,ugreen/qbittorrent:v1,5.217844611528822,4052.234375,52.51022240759845,0,0,0.0,0.0,28
2026-04-14T20:10:30.770821,qbittorrent-app-1,ugreen/qbittorrent:v1,5.350488110137673,4057.85546875,52.5830624399538,0,0,0.0,0.0,28
2026-04-14T20:10:41.798993,qbittorrent-app-1,ugreen/qbittorrent:v1,4.564522613065327,4063.51171875,52.65635803887704,0,0,0.0,0.0,29
2026-04-14T20:10:52.824483,qbittorrent-app-1,ugreen/qbittorrent:v1,6.167254408060454,4068.37890625,52.71942869927646,0,0,0.0,0.0,29
2026-04-14T20:11:03.855676,qbittorrent-app-1,ugreen/qbittorrent:v1,5.869346733668341,4074.84375,52.80320232926125,0,0,0.0,0.0,29
2026-04-14T20:11:14.882242,qbittorrent-app-1,ugreen/qbittorrent:v1,4.259673776662484,4081.8671875,52.89421440582477,0,0,0.0,0.0,29
2026-04-14T20:11:25.911971,qbittorrent-app-1,ugreen/qbittorrent:v1,0.3891,4067.5703125,52.70895066821492,0,0,0.0,0.0,29
2026-04-14T20:11:36.938284,qbittorrent-app-1,ugreen/qbittorrent:v1,0.5463659147869674,4000.5078125,51.839932130705094,0,0,0.0,0.0,29
2026-04-14T20:11:47.966523,qbittorrent-app-1,ugreen/qbittorrent:v1,3.553258426966292,4002.76953125,51.86924024657288,0,0,0.0,0.0,29
2026-04-14T20:11:59.001666,qbittorrent-app-1,ugreen/qbittorrent:v1,4.5191979949874685,4007.44140625,51.92977998159512,0,0,0.0,0.0,27
2026-04-14T20:12:10.030097,qbittorrent-app-1,ugreen/qbittorrent:v1,4.722403003754693,4013.42578125,52.00732753515203,0,0,0.0,0.0,27
2026-04-14T20:12:21.056997,qbittorrent-app-1,ugreen/qbittorrent:v1,7.283220125786164,4019.16015625,52.08163550422614,0,0,0.0,0.0,27
2026-04-14T20:12:32.092421,qbittorrent-app-1,ugreen/qbittorrent:v1,5.051685393258427,4026.6328125,52.17846870915719,0,0,0.0,0.0,27
2026-04-14T20:12:43.120206,qbittorrent-app-1,ugreen/qbittorrent:v1,2.9449624060150374,4033.4375,52.26664614929828,0,0,0.0,0.0,27
2026-04-14T20:12:54.144098,qbittorrent-app-1,ugreen/qbittorrent:v1,4.394713216957606,4038.6328125,52.33396876433136,0,0,0.0,0.0,27
2026-04-14T20:13:05.173969,qbittorrent-app-1,ugreen/qbittorrent:v1,1.2898,4039.7578125,52.34854689450395,0,0,0.0,0.0,27
2026-04-14T20:13:16.204296,qbittorrent-app-1,ugreen/qbittorrent:v1,4.099949622166247,4043.98046875,52.40326550115866,0,0,0.0,0.0,28
2026-04-14T20:13:27.232645,qbittorrent-app-1,ugreen/qbittorrent:v1,4.678247809762203,4049.67578125,52.47706728515734,0,0,0.0,0.0,29
2026-04-14T20:13:38.258203,qbittorrent-app-1,ugreen/qbittorrent:v1,6.174618272841052,4054.515625,52.53978361600395,0,0,0.0,0.0,29
2026-04-14T20:13:49.287242,qbittorrent-app-1,ugreen/qbittorrent:v1,3.2519700748129674,4059.8671875,52.60913097133879,0,0,0.0,0.0,29
2026-04-14T20:14:00.319635,qbittorrent-app-1,ugreen/qbittorrent:v1,3.4548370927318293,4065.046875,52.676251112341696,0,0,0.0,0.0,29
2026-04-14T20:14:11.345613,qbittorrent-app-1,ugreen/qbittorrent:v1,7.01912609238452,4072.1171875,52.76787061099576,0,0,0.0,0.0,29
2026-04-14T20:14:22.373100,qbittorrent-app-1,ugreen/qbittorrent:v1,1.6238,4078.921875,52.85604805113684,0,0,0.0,0.0,29
2026-04-14T20:14:33.403082,qbittorrent-app-1,ugreen/qbittorrent:v1,6.940675844806007,4084.99609375,52.93475983036726,0,0,0.0,0.0,29
2026-04-14T20:14:44.431127,qbittorrent-app-1,ugreen/qbittorrent:v1,5.8899128268991285,4091.83203125,53.02334221856869,0,0,0.0,0.0,29
2026-04-14T20:14:55.461794,qbittorrent-app-1,ugreen/qbittorrent:v1,5.219673776662484,4098.5625,53.11055790706645,0,0,0.0,0.0,29
2026-04-14T20:15:06.483463,qbittorrent-app-1,ugreen/qbittorrent:v1,0.6481795511221945,4101.88671875,53.153634256986116,0,0,0.0,0.0,30
2026-04-14T20:15:17.516345,qbittorrent-app-1,ugreen/qbittorrent:v1,3.939275905118602,4104.81640625,53.19159813764387,0,0,0.0,0.0,29
2026-04-14T20:15:28.547459,qbittorrent-app-1,ugreen/qbittorrent:v1,3.2819875776397516,4110.49609375,53.26519744761238,0,0,0.0,0.0,29
2026-04-14T20:15:39.574694,qbittorrent-app-1,ugreen/qbittorrent:v1,5.879546027742749,4117.0078125,53.34957849968769,0,0,0.0,0.0,29
2026-04-14T20:15:50.604766,qbittorrent-app-1,ugreen/qbittorrent:v1,4.279396984924623,4123.5234375,53.43401017027054,0,0,0.0,0.0,29
2026-04-14T20:16:01.631028,qbittorrent-app-1,ugreen/qbittorrent:v1,7.446825595984944,4121.03125,53.401715562457674,0,0,0.0,0.0,29
2026-04-14T20:16:12.655054,qbittorrent-app-1,ugreen/qbittorrent:v1,5.5803,4127.26171875,53.48245208198983,0,0,0.0,0.0,29
2026-04-14T20:16:23.682082,qbittorrent-app-1,ugreen/qbittorrent:v1,3.2234292866082606,4131.94921875,53.54319429104224,0,0,0.0,0.0,29
2026-04-14T20:16:34.708802,qbittorrent-app-1,ugreen/qbittorrent:v1,4.2,4138.5078125,53.628182765208074,0,0,0.0,0.0,29
2026-04-14T20:16:45.740267,qbittorrent-app-1,ugreen/qbittorrent:v1,2.7557894736842106,4127.26953125,53.48255331900492,0,0,0.0,0.0,29
2026-04-14T20:16:56.768099,qbittorrent-app-1,ugreen/qbittorrent:v1,5.4840100250626564,4133.66796875,53.56546643436146,0,0,0.0,0.0,29
2026-04-14T20:17:07.792212,qbittorrent-app-1,ugreen/qbittorrent:v1,8.152150943396226,4138.08203125,53.622665347885814,0,0,0.0,0.0,29
2026-04-14T20:17:18.819009,qbittorrent-app-1,ugreen/qbittorrent:v1,6.032663316582915,4143.62109375,53.694442391582754,0,0,0.0,0.0,29
2026-04-14T20:17:29.846127,qbittorrent-app-1,ugreen/qbittorrent:v1,5.017128589263421,4148.921875,53.76313170631952,0,0,0.0,0.0,29
2026-04-14T20:17:40.878896,qbittorrent-app-1,ugreen/qbittorrent:v1,3.919197994987469,4136.83984375,53.60656866248693,0,0,0.0,0.0,29
2026-04-14T20:17:51.902840,qbittorrent-app-1,ugreen/qbittorrent:v1,3.9681582200247223,4141.6953125,53.669487467363716,0,0,0.0,0.0,29
2026-04-14T20:18:02.934521,qbittorrent-app-1,ugreen/qbittorrent:v1,2.3673,4146.578125,53.732760601793316,0,0,0.0,0.0,26
2026-04-14T20:18:13.972886,qbittorrent-app-1,ugreen/qbittorrent:v1,5.435678391959799,4152.59765625,53.81076372191812,0,0,0.0,0.0,26
2026-04-14T20:18:24.996990,qbittorrent-app-1,ugreen/qbittorrent:v1,4.9922208281053955,4157.49609375,53.87423933037788,0,0,0.0,0.0,26
2026-04-14T20:18:36.027504,qbittorrent-app-1,ugreen/qbittorrent:v1,4.757038895859473,4163.19140625,53.948041114376565,0,0,0.0,0.0,26
2026-04-14T20:18:47.057722,qbittorrent-app-1,ugreen/qbittorrent:v1,5.507854454203262,4170.26171875,54.03966061303061,0,0,0.0,0.0,28
2026-04-14T20:18:58.086845,qbittorrent-app-1,ugreen/qbittorrent:v1,4.542978723404255,4168.71484375,54.01961568404332,0,0,0.0,0.0,28
2026-04-14T20:19:09.108993,qbittorrent-app-1,ugreen/qbittorrent:v1,5.701945137157107,4175.7421875,54.1106783791144,0,0,0.0,0.0,28
2026-04-14T20:19:20.137652,qbittorrent-app-1,ugreen/qbittorrent:v1,1.6079197994987466,4177.265625,54.13041959705643,0,0,0.0,0.0,28
2026-04-14T20:19:31.165618,qbittorrent-app-1,ugreen/qbittorrent:v1,4.918488664987406,4180.78515625,54.17602687235329,0,0,0.0,0.0,28
2026-04-14T20:19:42.195767,qbittorrent-app-1,ugreen/qbittorrent:v1,1.194307116104869,4185.90625,54.242387735743044,0,0,0.0,0.0,28
2026-04-14T20:19:53.222153,qbittorrent-app-1,ugreen/qbittorrent:v1,2.4062233375156836,4190.21484375,54.298219949563716,0,0,0.0,0.0,28
2026-04-14T20:20:04.246969,qbittorrent-app-1,ugreen/qbittorrent:v1,4.371557788944724,4195.2421875,54.36336596877243,0,0,0.0,0.0,26
2026-04-14T20:20:15.277614,qbittorrent-app-1,ugreen/qbittorrent:v1,6.302277847309136,4193.3671875,54.33906908515147,0,0,0.0,0.0,29
2026-04-14T20:20:26.299830,qbittorrent-app-1,ugreen/qbittorrent:v1,2.515689223057644,4199.26953125,54.415553650049965,0,0,0.0,0.0,29
2026-04-14T20:20:37.324507,qbittorrent-app-1,ugreen/qbittorrent:v1,6.044981132075471,4180.62109375,54.173900895036454,0,0,0.0,0.0,29
2026-04-14T20:20:48.347142,qbittorrent-app-1,ugreen/qbittorrent:v1,1.980775969962453,4185.80078125,54.24102103603936,0,0,0.0,0.0,29
2026-04-14T20:20:59.372306,qbittorrent-app-1,ugreen/qbittorrent:v1,6.0877,4191.5078125,54.31497467556068,0,0,0.0,0.0,29
2026-04-14T20:21:10.395598,qbittorrent-app-1,ugreen/qbittorrent:v1,2.555989974937343,4195.98828125,54.373034103713266,0,0,0.0,0.0,29
2026-04-14T20:21:21.431530,qbittorrent-app-1,ugreen/qbittorrent:v1,5.4399999999999995,4201.078125,54.43899001904269,0,0,0.0,0.0,29
2026-04-14T20:21:32.457976,qbittorrent-app-1,ugreen/qbittorrent:v1,3.3682999999999996,4189.31640625,54.28657769282867,0,0,0.0,0.0,29
2026-04-14T20:21:43.490448,qbittorrent-app-1,ugreen/qbittorrent:v1,5.2385074626865675,4195.65625,54.368731530572056,0,0,0.0,0.0,29
2026-04-14T20:21:54.531235,qbittorrent-app-1,ugreen/qbittorrent:v1,6.82916354556804,4201.6015625,54.44577289905354,0,0,0.0,0.0,29
2026-04-14T20:22:05.558604,qbittorrent-app-1,ugreen/qbittorrent:v1,3.982155388471178,4208.21484375,54.53147003232498,0,0,0.0,0.0,29
2026-04-14T20:22:16.582635,qbittorrent-app-1,ugreen/qbittorrent:v1,2.536150943396226,4214.35546875,54.611042326183636,0,0,0.0,0.0,29
2026-04-14T20:22:27.612323,qbittorrent-app-1,ugreen/qbittorrent:v1,4.1893734335839605,4205.1015625,54.49112708181267,0,0,0.0,0.0,29
2026-04-14T20:22:38.642956,qbittorrent-app-1,ugreen/qbittorrent:v1,4.524644194756554,4211.39453125,54.57267349746553,0,0,0.0,0.0,29
2026-04-14T20:22:49.672299,qbittorrent-app-1,ugreen/qbittorrent:v1,2.4471177944862155,4216.5390625,54.63933807190055,0,0,0.0,0.0,29
2026-04-14T20:23:00.705956,qbittorrent-app-1,ugreen/qbittorrent:v1,2.3114680050188205,4207.875,54.52706622216867,0,0,0.0,0.0,27
2026-04-14T20:23:11.727370,qbittorrent-app-1,ugreen/qbittorrent:v1,5.790661672908864,4214.35546875,54.611042326183636,0,0,0.0,0.0,27
2026-04-14T20:23:22.758323,qbittorrent-app-1,ugreen/qbittorrent:v1,7.014468085106383,4220.25390625,54.687476272574585,0,0,0.0,0.0,27
2026-04-14T20:23:33.784027,qbittorrent-app-1,ugreen/qbittorrent:v1,6.4216999999999995,4226.78125,54.772059798680075,0,0,0.0,0.0,27
2026-04-14T20:23:44.813438,qbittorrent-app-1,ugreen/qbittorrent:v1,4.830552763819095,4217.17578125,54.647588888630175,0,0,0.0,0.0,27
2026-04-14T20:23:55.852150,qbittorrent-app-1,ugreen/qbittorrent:v1,5.2048060075093865,4224.16015625,54.73809478011826,0,0,0.0,0.0,27
2026-04-14T20:24:06.882272,qbittorrent-app-1,ugreen/qbittorrent:v1,4.666666666666667,4230.26953125,54.81726212591658,0,0,0.0,0.0,25
2026-04-14T20:24:17.909215,qbittorrent-app-1,ugreen/qbittorrent:v1,5.423157894736843,4229.078125,54.801823481115754,0,0,0.0,0.0,28
2026-04-14T20:24:28.943116,qbittorrent-app-1,ugreen/qbittorrent:v1,6.214943396226415,4237.28515625,54.90817296546502,0,0,0.0,0.0,28
2026-04-14T20:24:39.970338,qbittorrent-app-1,ugreen/qbittorrent:v1,3.210972568578554,4244.28515625,54.99888133098329,0,0,0.0,0.0,28
2026-04-14T20:24:50.999329,qbittorrent-app-1,ugreen/qbittorrent:v1,6.127578419071518,4251.36328125,55.09060206665243,0,0,0.0,0.0,28
2026-04-14T20:25:02.034370,qbittorrent-app-1,ugreen/qbittorrent:v1,7.9411,4247.609375,55.041957680902954,0,0,0.0,0.0,28
2026-04-14T20:25:13.057250,qbittorrent-app-1,ugreen/qbittorrent:v1,7.211113892365457,4255.2734375,55.14127119270364,0,0,0.0,0.0,28
2026-04-14T20:25:24.087821,qbittorrent-app-1,ugreen/qbittorrent:v1,5.787603513174404,4260.390625,55.20758143758586,0,0,0.0,0.0,28
2026-04-14T20:25:35.120581,qbittorrent-app-1,ugreen/qbittorrent:v1,3.0655680399500627,4238.91015625,54.92923026460319,0,0,0.0,0.0,28
2026-04-14T20:25:46.147056,qbittorrent-app-1,ugreen/qbittorrent:v1,5.2298,4245.58203125,55.015686675487785,0,0,0.0,0.0,28
2026-04-14T20:25:57.184844,qbittorrent-app-1,ugreen/qbittorrent:v1,2.8025094102885824,4250.58984375,55.08057960215878,0,0,0.0,0.0,28
2026-04-14T20:26:08.216476,qbittorrent-app-1,ugreen/qbittorrent:v1,5.195187969924811,4256.109375,55.152103553317986,0,0,0.0,0.0,28
2026-04-14T20:26:19.247680,qbittorrent-app-1,ugreen/qbittorrent:v1,5.681301627033792,4262.00390625,55.2284868812014,0,0,0.0,0.0,28
2026-04-14T20:26:30.277903,qbittorrent-app-1,ugreen/qbittorrent:v1,5.172465581977472,4266.890625,55.291810634138535,0,0,0.0,0.0,28
2026-04-14T20:26:41.308463,qbittorrent-app-1,ugreen/qbittorrent:v1,6.4476807980049875,4274.80859375,55.394414348929566,0,0,0.0,0.0,28
2026-04-14T20:26:52.334491,qbittorrent-app-1,ugreen/qbittorrent:v1,6.227784730913642,4266.20703125,55.2829523953184,0,0,0.0,0.0,28
2026-04-14T20:27:03.359299,qbittorrent-app-1,ugreen/qbittorrent:v1,7.1487,4272.5234375,55.36480252201652,0,0,0.0,0.0,26
2026-04-14T20:27:14.376954,qbittorrent-app-1,ugreen/qbittorrent:v1,6.0492,4279.62890625,55.45687758723846,0,0,0.0,0.0,26
2026-04-14T20:27:25.402895,qbittorrent-app-1,ugreen/qbittorrent:v1,5.301872659176031,4285.44140625,55.53219792646345,0,0,0.0,0.0,26
2026-04-14T20:27:36.431472,qbittorrent-app-1,ugreen/qbittorrent:v1,4.359250936329588,4271.47265625,55.351186143487276,0,0,0.0,0.0,29
2026-04-14T20:27:47.463306,qbittorrent-app-1,ugreen/qbittorrent:v1,2.3890726817042607,4279.52734375,55.45556150604233,0,0,0.0,0.0,29
2026-04-14T20:27:58.488411,qbittorrent-app-1,ugreen/qbittorrent:v1,4.7092,4286.04296875,55.53999317662518,0,0,0.0,0.0,29
2026-04-14T20:28:09.511614,qbittorrent-app-1,ugreen/qbittorrent:v1,4.599201995012469,4219.36328125,54.675935252854636,0,0,0.0,0.0,29
2026-04-14T20:28:20.538413,qbittorrent-app-1,ugreen/qbittorrent:v1,3.5215000000000005,4224.5078125,54.74259982728965,0,0,0.0,0.0,29
2026-04-14T20:28:31.571907,qbittorrent-app-1,ugreen/qbittorrent:v1,2.6142,4229.4765625,54.80698656888521,0,0,0.0,0.0,29
2026-04-14T20:28:42.594655,qbittorrent-app-1,ugreen/qbittorrent:v1,4.011944792973651,4230.7109375,54.822982017269005,0,0,0.0,0.0,29
2026-04-14T20:28:53.624593,qbittorrent-app-1,ugreen/qbittorrent:v1,3.933651191969887,4235.47265625,54.88468597796475,0,0,0.0,0.0,29
2026-04-14T20:29:04.648117,qbittorrent-app-1,ugreen/qbittorrent:v1,1.7919999999999998,4240.5078125,54.94993323418855,0,0,0.0,0.0,26
2026-04-14T20:29:15.668094,qbittorrent-app-1,ugreen/qbittorrent:v1,5.920299625468164,4245.71875,55.01745832325181,0,0,0.0,0.0,28
2026-04-14T20:29:26.694169,qbittorrent-app-1,ugreen/qbittorrent:v1,4.093550815558344,4251.20703125,55.08857732635067,0,0,0.0,0.0,28
2026-04-14T20:29:37.715295,qbittorrent-app-1,ugreen/qbittorrent:v1,5.7741,4256.71875,55.16000004049481,0,0,0.0,0.0,28
2026-04-14T20:29:48.736651,qbittorrent-app-1,ugreen/qbittorrent:v1,6.068927680798005,4262.17578125,55.230714095533315,0,0,0.0,0.0,28
2026-04-14T20:29:59.758876,qbittorrent-app-1,ugreen/qbittorrent:v1,5.057135740971357,4267.79296875,55.30350350938112,0,0,0.0,0.0,28
2026-04-14T20:30:10.780080,qbittorrent-app-1,ugreen/qbittorrent:v1,5.3511332503113325,4268.43359375,55.311804944618295,0,0,0.0,0.0,28
2026-04-14T20:30:21.803272,qbittorrent-app-1,ugreen/qbittorrent:v1,2.705882352941176,4266.59765625,55.288014246072755,0,0,0.0,0.0,28
2026-04-14T20:30:32.830470,qbittorrent-app-1,ugreen/qbittorrent:v1,4.918805970149254,4272.3515625,55.3625753076846,0,0,0.0,0.0,28
2026-04-14T20:30:43.850482,qbittorrent-app-1,ugreen/qbittorrent:v1,5.973969849246232,4278.33203125,55.44007224273396,0,0,0.0,0.0,28
2026-04-14T20:30:54.874327,qbittorrent-app-1,ugreen/qbittorrent:v1,5.384452830188679,4279.71484375,55.457991194404435,0,0,0.0,0.0,28
2026-04-14T20:31:05.900300,qbittorrent-app-1,ugreen/qbittorrent:v1,8.370736579275905,4271.0390625,55.34556748914993,0,0,0.0,0.0,27
2026-04-14T20:31:16.923554,qbittorrent-app-1,ugreen/qbittorrent:v1,2.4505,4277.20703125,55.42549411256139,0,0,0.0,0.0,27
2026-04-14T20:31:27.946015,qbittorrent-app-1,ugreen/qbittorrent:v1,6.990938673341677,4272.390625,55.36308149276004,0,0,0.0,0.0,27
2026-04-14T20:31:38.970112,qbittorrent-app-1,ugreen/qbittorrent:v1,5.534364089775561,4279.08984375,55.44989223319744,0,0,0.0,0.0,27
2026-04-14T20:31:49.990630,qbittorrent-app-1,ugreen/qbittorrent:v1,3.7255137844611528,4285.11328125,55.52794597182979,0,0,0.0,0.0,27
2026-04-14T20:32:01.012389,qbittorrent-app-1,ugreen/qbittorrent:v1,6.483,4274.55078125,55.391073527431686,0,0,0.0,0.0,27
2026-04-14T20:32:12.035969,qbittorrent-app-1,ugreen/qbittorrent:v1,7.187083854818523,4281.58203125,55.482186841010304,0,0,0.0,0.0,27
2026-04-14T20:32:23.057396,qbittorrent-app-1,ugreen/qbittorrent:v1,5.64612702366127,4288.296875,55.569200055477886,0,0,0.0,0.0,27
2026-04-14T20:32:34.082623,qbittorrent-app-1,ugreen/qbittorrent:v1,5.674693366708385,4289.0703125,55.57922251997153,0,0,0.0,0.0,27
2026-04-14T20:32:45.107241,qbittorrent-app-1,ugreen/qbittorrent:v1,4.51719298245614,4294.23828125,55.64619080545181,0,0,0.0,0.0,27
2026-04-14T20:32:56.135181,qbittorrent-app-1,ugreen/qbittorrent:v1,3.8088220551378447,4300.15234375,55.72282722587294,0,0,0.0,0.0,27
2026-04-14T20:33:07.153252,qbittorrent-app-1,ugreen/qbittorrent:v1,2.2686072772898367,4279.87109375,55.46001593470618,0,0,0.0,0.0,25
2026-04-14T20:33:18.182694,qbittorrent-app-1,ugreen/qbittorrent:v1,3.816741854636591,4285.23046875,55.52946452705609,0,0,0.0,0.0,25
2026-04-14T20:33:29.209669,qbittorrent-app-1,ugreen/qbittorrent:v1,4.955994993742178,4290.23046875,55.594256216712004,0,0,0.0,0.0,25
2026-04-14T20:33:40.232363,qbittorrent-app-1,ugreen/qbittorrent:v1,2.3113432835820893,4295.890625,55.66760243414279,0,0,0.0,0.0,25
2026-04-14T20:33:51.253553,qbittorrent-app-1,ugreen/qbittorrent:v1,6.486215538847118,4301.8359375,55.74464380262426,0,0,0.0,0.0,26
2026-04-14T20:34:02.276436,qbittorrent-app-1,ugreen/qbittorrent:v1,3.2514000000000003,4298.57421875,55.702377348825294,0,0,0.0,0.0,29
2026-04-14T20:34:13.298292,qbittorrent-app-1,ugreen/qbittorrent:v1,5.835572327044025,4304.49609375,55.77911500626151,0,0,0.0,0.0,29
2026-04-14T20:34:24.321350,qbittorrent-app-1,ugreen/qbittorrent:v1,6.291542288557214,4296.84765625,55.680003968490986,0,0,0.0,0.0,29
2026-04-14T20:34:35.346928,qbittorrent-app-1,ugreen/qbittorrent:v1,6.042205513784461,4302.859375,55.75790585160071,0,0,0.0,0.0,29
2026-04-14T20:34:46.367301,qbittorrent-app-1,ugreen/qbittorrent:v1,3.8581681304893354,4307.19921875,55.81414301348173,0,0,0.0,0.0,29
2026-04-14T20:34:57.387309,qbittorrent-app-1,ugreen/qbittorrent:v1,7.264221105527638,4312.5859375,55.88394593538446,0,0,0.0,0.0,29
2026-04-14T20:35:08.411929,qbittorrent-app-1,ugreen/qbittorrent:v1,5.466566037735849,4298.03515625,55.69539199478427,0,0,0.0,0.0,27
2026-04-14T20:35:19.435108,qbittorrent-app-1,ugreen/qbittorrent:v1,4.684255319148936,4302.9921875,55.75962688085719,0,0,0.0,0.0,27
2026-04-14T20:35:30.461167,qbittorrent-app-1,ugreen/qbittorrent:v1,5.176170212765958,4310.46484375,55.85646008578825,0,0,0.0,0.0,29
2026-04-14T20:35:41.486648,qbittorrent-app-1,ugreen/qbittorrent:v1,3.2689862327909887,4316.9296875,55.94023371577303,0,0,0.0,0.0,29
2026-04-14T20:35:52.509971,qbittorrent-app-1,ugreen/qbittorrent:v1,4.8218,4317.25,55.94438443339161,0,0,0.0,0.0,29
2026-04-14T20:36:03.537657,qbittorrent-app-1,ugreen/qbittorrent:v1,5.1393,4323.66796875,56.02755064128587,0,0,0.0,0.0,29
2026-04-14T20:36:14.564922,qbittorrent-app-1,ugreen/qbittorrent:v1,4.570786516853933,4330.98828125,56.12240972442272,0,0,0.0,0.0,29
2026-04-14T20:36:25.591838,qbittorrent-app-1,ugreen/qbittorrent:v1,5.932880503144654,4338.140625,56.2150922117352,0,0,0.0,0.0,29
2026-04-14T20:36:36.616322,qbittorrent-app-1,ugreen/qbittorrent:v1,4.357658779576588,4335.28125,56.17803946421323,0,0,0.0,0.0,29
2026-04-14T20:36:47.642897,qbittorrent-app-1,ugreen/qbittorrent:v1,5.3178947368421055,4343.07421875,56.27902338676286,0,0,0.0,0.0,29
2026-04-14T20:36:58.670626,qbittorrent-app-1,ugreen/qbittorrent:v1,6.898852867830424,4322.1953125,56.008467463941905,0,0,0.0,0.0,29
2026-04-14T20:37:09.700074,qbittorrent-app-1,ugreen/qbittorrent:v1,7.5051256281407035,4328.96875,56.09623995602264,0,0,0.0,0.0,29
2026-04-14T20:37:20.731899,qbittorrent-app-1,ugreen/qbittorrent:v1,5.235944931163955,4335.1796875,56.17672338301709,0,0,0.0,0.0,29
2026-04-14T20:37:31.760342,qbittorrent-app-1,ugreen/qbittorrent:v1,5.629849246231156,4342.6875,56.27401215451603,0,0,0.0,0.0,29
2026-04-14T20:37:42.782734,qbittorrent-app-1,ugreen/qbittorrent:v1,5.0705093167701865,4344.078125,56.29203234320158,0,0,0.0,0.0,29
2026-04-14T20:37:53.808157,qbittorrent-app-1,ugreen/qbittorrent:v1,3.544360902255639,4350.79296875,56.37904555766916,0,0,0.0,0.0,29
2026-04-14T20:38:04.830671,qbittorrent-app-1,ugreen/qbittorrent:v1,6.667734668335419,4337.546875,56.20739819858856,0,0,0.0,0.0,26
2026-04-14T20:38:15.854423,qbittorrent-app-1,ugreen/qbittorrent:v1,3.1635544430538176,4345.1640625,56.30610428829872,0,0,0.0,0.0,29
2026-04-14T20:38:26.879053,qbittorrent-app-1,ugreen/qbittorrent:v1,5.601408805031446,4350.25390625,56.37206020362812,0,0,0.0,0.0,29
2026-04-14T20:38:37.901410,qbittorrent-app-1,ugreen/qbittorrent:v1,5.7605992509363295,4355.74609375,56.44322982523454,0,0,0.0,0.0,29
2026-04-14T20:38:48.924400,qbittorrent-app-1,ugreen/qbittorrent:v1,5.628836045056321,4332.83984375,56.146402896998424,0,0,0.0,0.0,29
2026-04-14T20:38:59.948725,qbittorrent-app-1,ugreen/qbittorrent:v1,5.478387909319899,4338.1875,56.21569963382571,0,0,0.0,0.0,29
2026-04-14T20:39:10.970490,qbittorrent-app-1,ugreen/qbittorrent:v1,5.993984962406015,4343.47265625,56.284186474532305,0,0,0.0,0.0,29
2026-04-14T20:39:21.996061,qbittorrent-app-1,ugreen/qbittorrent:v1,5.085970149253732,4349.29296875,56.359608050772394,0,0,0.0,0.0,29
2026-04-14T20:39:33.024026,qbittorrent-app-1,ugreen/qbittorrent:v1,3.0301754385964914,4354.46484375,56.426626954760216,0,0,0.0,0.0,29
2026-04-14T20:39:44.062758,qbittorrent-app-1,ugreen/qbittorrent:v1,5.764494382022471,4328.1796875,56.086015017498816,0,0,0.0,0.0,29
2026-04-14T20:39:55.093351,qbittorrent-app-1,ugreen/qbittorrent:v1,4.3628,4333.7578125,56.15829824627119,0,0,0.0,0.0,29
2026-04-14T20:40:06.120599,qbittorrent-app-1,ugreen/qbittorrent:v1,4.3722961104140525,4339.015625,56.22643075742497,0,0,0.0,0.0,25
2026-04-14T20:40:17.148039,qbittorrent-app-1,ugreen/qbittorrent:v1,4.121604010025063,4344.15234375,56.29299409484491,0,0,0.0,0.0,25
2026-04-14T20:40:28.176952,qbittorrent-app-1,ugreen/qbittorrent:v1,3.5012468827930174,4349.6015625,56.363606912868335,0,0,0.0,0.0,25
2026-04-14T20:40:39.206459,qbittorrent-app-1,ugreen/qbittorrent:v1,5.274887218045113,4354.6328125,56.4288035505846,0,0,0.0,0.0,25
2026-04-14T20:40:50.234239,qbittorrent-app-1,ugreen/qbittorrent:v1,4.5732165206508135,4359.953125,56.49774595785908,0,0,0.0,0.0,25
2026-04-14T20:41:01.262719,qbittorrent-app-1,ugreen/qbittorrent:v1,5.53936948297604,4348.78125,56.352977026284165,0,0,0.0,0.0,25
2026-04-14T20:41:12.281629,qbittorrent-app-1,ugreen/qbittorrent:v1,4.395583437892095,4354.359375,56.42526025505653,0,0,0.0,0.0,27
2026-04-14T20:41:23.303852,qbittorrent-app-1,ugreen/qbittorrent:v1,3.2134000000000005,4359.00390625,56.48544566052597,0,0,0.0,0.0,27
2026-04-14T20:41:34.332553,qbittorrent-app-1,ugreen/qbittorrent:v1,4.384159402241594,4363.890625,56.548769413463106,0,0,0.0,0.0,27
2026-04-14T20:41:45.361326,qbittorrent-app-1,ugreen/qbittorrent:v1,4.494472361809045,4369.58203125,56.62252057895424,0,0,0.0,0.0,27
2026-04-14T20:41:56.390815,qbittorrent-app-1,ugreen/qbittorrent:v1,4.4733083645443195,4375.6328125,56.70092864713939,0,0,0.0,0.0,27
2026-04-14T20:42:07.414732,qbittorrent-app-1,ugreen/qbittorrent:v1,5.2256359102244385,4357.16796875,56.461654961980436,0,0,0.0,0.0,27
2026-04-14T20:42:18.446351,qbittorrent-app-1,ugreen/qbittorrent:v1,4.823850931677018,4362.96484375,56.536772827175255,0,0,0.0,0.0,28
2026-04-14T20:42:29.474155,qbittorrent-app-1,ugreen/qbittorrent:v1,5.5188044831880445,4368.3203125,56.60617080101763,0,0,0.0,0.0,28
2026-04-14T20:42:40.507666,qbittorrent-app-1,ugreen/qbittorrent:v1,5.084843945068664,4373.58203125,56.67435393067897,0,0,0.0,0.0,29
2026-04-14T20:42:51.530364,qbittorrent-app-1,ugreen/qbittorrent:v1,1.442903629536921,4355.05859375,56.43432096790686,0,0,0.0,0.0,29
2026-04-14T20:43:02.558539,qbittorrent-app-1,ugreen/qbittorrent:v1,3.7905381727158947,4360.5703125,56.505743682050976,0,0,0.0,0.0,29
2026-04-14T20:43:13.582998,qbittorrent-app-1,ugreen/qbittorrent:v1,2.20314606741573,4365.0625,56.563954965726204,0,0,0.0,0.0,29
2026-04-14T20:43:24.604557,qbittorrent-app-1,ugreen/qbittorrent:v1,3.9819225967540577,4371.39453125,56.6460075664545,0,0,0.0,0.0,29
2026-04-14T20:43:35.627832,qbittorrent-app-1,ugreen/qbittorrent:v1,7.305728643216081,4377.0625,56.71945502090038,0,0,0.0,0.0,29
2026-04-14T20:43:46.650977,qbittorrent-app-1,ugreen/qbittorrent:v1,5.20630788485607,4382.5625,56.79072587952187,0,0,0.0,0.0,29
2026-04-14T20:43:57.672603,qbittorrent-app-1,ugreen/qbittorrent:v1,5.287117794486215,4387.7421875,56.857846020524796,0,0,0.0,0.0,29
2026-04-14T20:44:08.694308,qbittorrent-app-1,ugreen/qbittorrent:v1,5.418473091364205,4392.6015625,56.92081544390912,0,0,0.0,0.0,27
2026-04-14T20:44:19.717466,qbittorrent-app-1,ugreen/qbittorrent:v1,5.209211514392991,4398.26171875,56.994161661339916,0,0,0.0,0.0,27
2026-04-14T20:44:30.739376,qbittorrent-app-1,ugreen/qbittorrent:v1,3.998190954773869,4403.265625,57.059003969503365,0,0,0.0,0.0,27
2026-04-14T20:44:41.761085,qbittorrent-app-1,ugreen/qbittorrent:v1,10.026666666666667,4387.45703125,56.854150869474104,0,0,0.0,0.0,29
2026-04-14T20:44:52.782288,qbittorrent-app-1,ugreen/qbittorrent:v1,4.032640801001251,4393.51953125,56.93271079318188,0,0,0.0,0.0,29
2026-04-14T20:45:03.803503,qbittorrent-app-1,ugreen/qbittorrent:v1,5.110588235294117,4398.5859375,56.99836299746603,0,0,0.0,0.0,30
2026-04-14T20:45:14.827330,qbittorrent-app-1,ugreen/qbittorrent:v1,4.8415037593984955,4404.48828125,57.074847562364525,0,0,0.0,0.0,29
2026-04-14T20:45:25.851805,qbittorrent-app-1,ugreen/qbittorrent:v1,6.6992220828105395,4409.2421875,57.13645028604518,0,0,0.0,0.0,29
2026-04-14T20:45:36.875122,qbittorrent-app-1,ugreen/qbittorrent:v1,4.621329987452948,4397.61328125,56.985758989087664,0,0,0.0,0.0,29
2026-04-14T20:45:47.898524,qbittorrent-app-1,ugreen/qbittorrent:v1,8.280904522613065,4402.7734375,57.052626037552855,0,0,0.0,0.0,29
2026-04-14T20:45:58.923556,qbittorrent-app-1,ugreen/qbittorrent:v1,2.873707865168539,4408.609375,57.128250087823105,0,0,0.0,0.0,28
2026-04-14T20:46:09.945535,qbittorrent-app-1,ugreen/qbittorrent:v1,5.738300000000001,4414.01171875,57.198255483756014,0,0,0.0,0.0,28
2026-04-14T20:46:20.967274,qbittorrent-app-1,ugreen/qbittorrent:v1,5.7062,4393.95703125,56.93838006602678,0,0,0.0,0.0,28
2026-04-14T20:46:31.988801,qbittorrent-app-1,ugreen/qbittorrent:v1,5.576180904522613,4399.30078125,57.00762618434653,0,0,0.0,0.0,28
2026-04-14T20:46:43.009908,qbittorrent-app-1,ugreen/qbittorrent:v1,3.3118000000000003,4404.0234375,57.06882395996683,0,0,0.0,0.0,28
2026-04-14T20:46:54.031185,qbittorrent-app-1,ugreen/qbittorrent:v1,5.087396226415095,4409.890625,57.144852958297434,0,0,0.0,0.0,29
2026-04-14T20:47:05.050715,qbittorrent-app-1,ugreen/qbittorrent:v1,5.646724782067248,4414.84375,57.209037225862815,0,0,0.0,0.0,29
2026-04-14T20:47:16.070920,qbittorrent-app-1,ugreen/qbittorrent:v1,4.2559198998748435,4401.00390625,57.02969585363557,0,0,0.0,0.0,29
2026-04-14T20:47:27.092498,qbittorrent-app-1,ugreen/qbittorrent:v1,2.4334000000000002,4406.71875,57.103750730171974,0,0,0.0,0.0,29
2026-04-14T20:47:38.114911,qbittorrent-app-1,ugreen/qbittorrent:v1,4.4284,4412.2265625,57.17512282580856,0,0,0.0,0.0,29
2026-04-14T20:47:49.140300,qbittorrent-app-1,ugreen/qbittorrent:v1,4.432894409937888,4417.2578125,57.24031946352481,0,0,0.0,0.0,29
2026-04-14T20:48:00.166578,qbittorrent-app-1,ugreen/qbittorrent:v1,4.62828535669587,4422.859375,57.312906403342446,0,0,0.0,0.0,29
2026-04-14T20:48:11.189323,qbittorrent-app-1,ugreen/qbittorrent:v1,5.195305867665418,4400.48828125,57.02301421063981,0,0,0.0,0.0,29
2026-04-14T20:48:22.214417,qbittorrent-app-1,ugreen/qbittorrent:v1,4.626783479349187,4406.1171875,57.09595548001024,0,0,0.0,0.0,29
2026-04-14T20:48:33.237738,qbittorrent-app-1,ugreen/qbittorrent:v1,0.5047690387016229,4410.38671875,57.15128150875548,0,0,0.0,0.0,29
2026-04-14T20:48:44.259107,qbittorrent-app-1,ugreen/qbittorrent:v1,0.132334581772784,4411.33984375,57.163632424596145,0,0,0.0,0.0,29
2026-04-14T20:48:55.283809,qbittorrent-app-1,ugreen/qbittorrent:v1,6.394613466334165,4414.4140625,57.20346919003302,0,0,0.0,0.0,29
2026-04-14T20:49:06.306437,qbittorrent-app-1,ugreen/qbittorrent:v1,5.468571428571429,4419.76953125,57.2728671638754,0,0,0.0,0.0,27
2026-04-14T20:49:17.328389,qbittorrent-app-1,ugreen/qbittorrent:v1,5.699750623441396,4425.26171875,57.3440367854818,0,0,0.0,0.0,27
2026-04-14T20:49:28.347940,qbittorrent-app-1,ugreen/qbittorrent:v1,5.370872817955112,4430.7578125,57.41525702559576,0,0,0.0,0.0,27
2026-04-14T20:49:39.367931,qbittorrent-app-1,ugreen/qbittorrent:v1,3.092434456928839,4435.80078125,57.480605518834636,0,0,0.0,0.0,27
2026-04-14T20:49:50.395530,qbittorrent-app-1,ugreen/qbittorrent:v1,5.21622027534418,4440.65625,57.543524323711424,0,0,0.0,0.0,27
2026-04-14T20:50:01.416553,qbittorrent-app-1,ugreen/qbittorrent:v1,3.6684,4438.21484375,57.51188775649663,0,0,0.0,0.0,29
2026-04-14T20:50:12.436402,qbittorrent-app-1,ugreen/qbittorrent:v1,5.3000250312891115,4442.8984375,57.5725793470415,0,0,0.0,0.0,29
2026-04-14T20:50:23.455405,qbittorrent-app-1,ugreen/qbittorrent:v1,2.463659147869674,4448.515625,57.645368760889305,0,0,0.0,0.0,29
2026-04-14T20:50:34.474324,qbittorrent-app-1,ugreen/qbittorrent:v1,4.5669,4454.546875,57.72352373653674,0,0,0.0,0.0,29
2026-04-14T20:50:45.493330,qbittorrent-app-1,ugreen/qbittorrent:v1,4.969335006273526,4438.88671875,57.52059413979415,0,0,0.0,0.0,29
2026-04-14T20:50:56.513094,qbittorrent-app-1,ugreen/qbittorrent:v1,5.28572864321608,4443.96484375,57.58639819960092,0,0,0.0,0.0,29
2026-04-14T20:51:07.533219,qbittorrent-app-1,ugreen/qbittorrent:v1,5.649045226130654,4449.91015625,57.663439568082396,0,0,0.0,0.0,26
2026-04-14T20:51:18.553650,qbittorrent-app-1,ugreen/qbittorrent:v1,2.794392991239049,4454.7109375,57.72564971385358,0,0,0.0,0.0,27
2026-04-14T20:51:29.574522,qbittorrent-app-1,ugreen/qbittorrent:v1,5.17296343001261,4460.796875,57.804513348606626,0,0,0.0,0.0,27
2026-04-14T20:51:40.596080,qbittorrent-app-1,ugreen/qbittorrent:v1,2.683819095477387,4466.171875,57.874164414986716,0,0,0.0,0.0,27
2026-04-14T20:51:51.615086,qbittorrent-app-1,ugreen/qbittorrent:v1,4.1018726591760295,4454.1484375,57.71836064876729,0,0,0.0,0.0,27
2026-04-14T20:52:02.640651,qbittorrent-app-1,ugreen/qbittorrent:v1,6.971342534504392,4459.578125,57.788720374253,0,0,0.0,0.0,29
2026-04-14T20:52:13.670650,qbittorrent-app-1,ugreen/qbittorrent:v1,1.6183312577833127,4465.41015625,57.86429380601571,0,0,0.0,0.0,29
2026-04-14T20:52:24.692651,qbittorrent-app-1,ugreen/qbittorrent:v1,3.714629861982434,4471.34765625,57.941233937482096,0,0,0.0,0.0,29
2026-04-14T20:52:35.711770,qbittorrent-app-1,ugreen/qbittorrent:v1,4.569088639200999,4476.41015625,58.006835523258694,0,0,0.0,0.0,29
2026-04-14T20:52:46.735138,qbittorrent-app-1,ugreen/qbittorrent:v1,6.2903,4460.1484375,57.796110676354374,0,0,0.0,0.0,29
2026-04-14T20:52:57.756022,qbittorrent-app-1,ugreen/qbittorrent:v1,3.959447929736512,4465.58203125,57.866521020347626,0,0,0.0,0.0,29
2026-04-14T20:53:08.775581,qbittorrent-app-1,ugreen/qbittorrent:v1,3.6490062893081756,4439.9765625,57.53471670339883,0,0,0.0,0.0,28
2026-04-14T20:53:19.793446,qbittorrent-app-1,ugreen/qbittorrent:v1,5.536963613550816,4445.5,57.606291273065594,0,0,0.0,0.0,28
2026-04-14T20:53:30.813981,qbittorrent-app-1,ugreen/qbittorrent:v1,6.264360902255639,4450.734375,57.674120073174116,0,0,0.0,0.0,28
2026-04-14T20:53:41.835296,qbittorrent-app-1,ugreen/qbittorrent:v1,0.5095369211514392,4455.33984375,57.73379929356811,0,0,0.0,0.0,28
2026-04-14T20:53:52.855162,qbittorrent-app-1,ugreen/qbittorrent:v1,3.454436090225564,4459.04296875,57.78178563871952,0,0,0.0,0.0,28
2026-04-14T20:54:03.878888,qbittorrent-app-1,ugreen/qbittorrent:v1,4.793174404015057,4463.7109375,57.8422747552342,0,0,0.0,0.0,27
2026-04-14T20:54:14.899190,qbittorrent-app-1,ugreen/qbittorrent:v1,3.4036637390213302,4469.15234375,57.91278633624255,0,0,0.0,0.0,27
2026-04-14T20:54:25.918459,qbittorrent-app-1,ugreen/qbittorrent:v1,6.970639899623589,4474.5390625,57.98258925814528,0,0,0.0,0.0,27
2026-04-14T20:54:36.936190,qbittorrent-app-1,ugreen/qbittorrent:v1,2.368883312421581,4479.75,58.050114347208535,0,0,0.0,0.0,27
2026-04-14T20:54:47.960823,qbittorrent-app-1,ugreen/qbittorrent:v1,4.8200501253132835,4485.42578125,58.123663038669505,0,0,0.0,0.0,27
2026-04-14T20:54:58.983397,qbittorrent-app-1,ugreen/qbittorrent:v1,5.983051702395965,4491.078125,58.1969080190852,0,0,0.0,0.0,25
2026-04-14T20:55:10.002126,qbittorrent-app-1,ugreen/qbittorrent:v1,3.318252184769039,4495.828125,58.25846012425831,0,0,0.0,0.0,25
2026-04-14T20:55:21.023445,qbittorrent-app-1,ugreen/qbittorrent:v1,4.931228070175439,4490.9375,58.195085752813625,0,0,0.0,0.0,29
2026-04-14T20:55:32.044196,qbittorrent-app-1,ugreen/qbittorrent:v1,4.265263157894736,4496.58203125,58.26822949621424,0,0,0.0,0.0,29
2026-04-14T20:55:43.066655,qbittorrent-app-1,ugreen/qbittorrent:v1,3.9273815461346633,4502.1015625,58.339753447373454,0,0,0.0,0.0,29
2026-04-14T20:55:54.087841,qbittorrent-app-1,ugreen/qbittorrent:v1,4.007000000000001,4507.18359375,58.40560812568778,0,0,0.0,0.0,29
2026-04-14T20:56:05.110873,qbittorrent-app-1,ugreen/qbittorrent:v1,5.069236545682103,4512.0546875,58.46872940459475,0,0,0.0,0.0,29
2026-04-14T20:56:16.131994,qbittorrent-app-1,ugreen/qbittorrent:v1,1.966072772898369,4502.60546875,58.34628323484659,0,0,0.0,0.0,29
2026-04-14T20:56:27.153148,qbittorrent-app-1,ugreen/qbittorrent:v1,5.14342928660826,4507.97265625,58.4158330642116,0,0,0.0,0.0,29
2026-04-14T20:56:38.173777,qbittorrent-app-1,ugreen/qbittorrent:v1,5.2928274173806615,4513.60546875,58.48882495208958,0,0,0.0,0.0,29
2026-04-14T20:56:49.212859,qbittorrent-app-1,ugreen/qbittorrent:v1,5.2348,4518.88671875,58.557261174288634,0,0,0.0,0.0,29
2026-04-14T20:57:00.240585,qbittorrent-app-1,ugreen/qbittorrent:v1,4.8529662077597,4524.640625,58.631822235900465,0,0,0.0,0.0,26
2026-04-14T20:57:11.264222,qbittorrent-app-1,ugreen/qbittorrent:v1,6.2829611041405276,4530.95703125,58.71367236259859,0,0,0.0,0.0,26
2026-04-14T20:57:22.286748,qbittorrent-app-1,ugreen/qbittorrent:v1,5.8033,4527.26171875,58.66578725446227,0,0,0.0,0.0,26
2026-04-14T20:57:33.307749,qbittorrent-app-1,ugreen/qbittorrent:v1,6.824824120603015,4533.16015625,58.74222120085323,0,0,0.0,0.0,26
2026-04-14T20:57:44.329447,qbittorrent-app-1,ugreen/qbittorrent:v1,4.573048933500627,4539.03515625,58.81835143619891,0,0,0.0,0.0,26
2026-04-14T20:57:55.351660,qbittorrent-app-1,ugreen/qbittorrent:v1,4.969122807017544,4539.953125,58.83024678547167,0,0,0.0,0.0,28
2026-04-14T20:58:06.371000,qbittorrent-app-1,ugreen/qbittorrent:v1,5.467133917396746,4545.72265625,58.90501032111369,0,0,0.0,0.0,28
2026-04-14T20:58:17.391256,qbittorrent-app-1,ugreen/qbittorrent:v1,4.282311557788945,4550.71875,58.96975139226205,0,0,0.0,0.0,28
2026-04-14T20:58:28.411621,qbittorrent-app-1,ugreen/qbittorrent:v1,5.190511860174782,4505.45703125,58.38323474535348,0,0,0.0,0.0,28
2026-04-14T20:58:39.437021,qbittorrent-app-1,ugreen/qbittorrent:v1,7.246215538847117,4511.48046875,58.46128848398582,0,0,0.0,0.0,28
2026-04-14T20:58:50.459647,qbittorrent-app-1,ugreen/qbittorrent:v1,4.362553191489361,4516.00390625,58.5199047157214,0,0,0.0,0.0,28
2026-04-14T20:59:01.481479,qbittorrent-app-1,ugreen/qbittorrent:v1,4.719798742138365,4521.87890625,58.59603495106709,0,0,0.0,0.0,27
2026-04-14T20:59:12.502260,qbittorrent-app-1,ugreen/qbittorrent:v1,5.7866,4527.8828125,58.67383559716172,0,0,0.0,0.0,27
2026-04-14T20:59:23.530384,qbittorrent-app-1,ugreen/qbittorrent:v1,3.5520603015075376,4532.578125,58.73467904322922,0,0,0.0,0.0,27
2026-04-14T20:59:34.557055,qbittorrent-app-1,ugreen/qbittorrent:v1,5.415269086357948,4537.9765625,58.80463382065459,0,0,0.0,0.0,27
2026-04-14T20:59:45.575905,qbittorrent-app-1,ugreen/qbittorrent:v1,6.139597989949749,4538.1484375,58.806861034986504,0,0,0.0,0.0,27
2026-04-14T20:59:56.598184,qbittorrent-app-1,ugreen/qbittorrent:v1,2.9842302878598246,4544.5390625,58.88967291332795,0,0,0.0,0.0,27
2026-04-14T21:00:07.621854,qbittorrent-app-1,ugreen/qbittorrent:v1,4.374431960049938,4538.23046875,58.80792402364492,0,0,0.0,0.0,29
2026-04-14T21:00:18.649170,qbittorrent-app-1,ugreen/qbittorrent:v1,6.21823677581864,4543.62890625,58.87787880107028,0,0,0.0,0.0,27
2026-04-14T21:00:29.675325,qbittorrent-app-1,ugreen/qbittorrent:v1,4.417063989962359,4548.828125,58.94525203461091,0,0,0.0,0.0,27
